  <?xml version="1.0" encoding="UTF-8"?>
    <!--Created:cb85b80c-f585-40ff-8bfc-12ff4d0e34a9-->
    <OfficeApp xmlns="http://schemas.microsoft.com/office/appforoffice/1.0" xmlns:xsi="http://www.w3.org/2001/XMLSchema-instance" xsi:type="TaskPaneApp">
      <Id>acd61a1a-f042-46d2-a6a6-7dfe660fbc8b</Id>
      <Version>1.0.0.0</Version>
      <ProviderName>Microsoft</ProviderName>
      <DefaultLocale>en-US</DefaultLocale>
      <DisplayName DefaultValue="Quarterly Sales Report Sample" />
      <Description DefaultValue="Quarterly Sales Report Sample"/>
      <Capabilities>
        <Capability Name="Workbook" />
      </Capabilities>
      <DefaultSettings>
        <SourceLocation DefaultValue="testing.html" />
      </DefaultSettings>
      <Permissions>ReadWriteDocument</Permissions>
    </OfficeApp>
